 node,displ
 1,   5.9191314009964996E-002
 2,  0.17944419689045799     
 3,  0.53938967839255603     
 4,  0.70213879505389032     
 5,  0.62282185296469039     
